s960_id,phase_idx,q240_id,label,is_identity
0,0,0,-1*e000,0
1,0,1,-1/2*e000 + -1/2*e001 + -1/2*e010 + -1/2*e110,0
2,0,2,-1/2*e000 + -1/2*e001 + -1/2*e010 + 1/2*e110,0
3,0,3,-1/2*e000 + -1/2*e001 + -1/2*e011 + -1/2*e101,0
4,0,4,-1/2*e000 + -1/2*e001 + -1/2*e011 + 1/2*e101,0
5,0,5,-1/2*e000 + -1/2*e001 + -1/2*e100 + -1/2*e111,0
6,0,6,-1/2*e000 + -1/2*e001 + -1/2*e100 + 1/2*e111,0
7,0,7,-1/2*e000 + -1/2*e001 + 1/2*e100 + -1/2*e111,0
8,0,8,-1/2*e000 + -1/2*e001 + 1/2*e100 + 1/2*e111,0
9,0,9,-1/2*e000 + -1/2*e001 + 1/2*e011 + -1/2*e101,0
10,0,10,-1/2*e000 + -1/2*e001 + 1/2*e011 + 1/2*e101,0
11,0,11,-1/2*e000 + -1/2*e001 + 1/2*e010 + -1/2*e110,0
12,0,12,-1/2*e000 + -1/2*e001 + 1/2*e010 + 1/2*e110,0
13,0,13,-1/2*e000 + -1/2*e010 + -1/2*e011 + -1/2*e100,0
14,0,14,-1/2*e000 + -1/2*e010 + -1/2*e011 + 1/2*e100,0
15,0,15,-1/2*e000 + -1/2*e010 + -1/2*e101 + -1/2*e111,0
16,0,16,-1/2*e000 + -1/2*e010 + 1/2*e101 + -1/2*e111,0
17,0,17,-1/2*e000 + -1/2*e010 + -1/2*e101 + 1/2*e111,0
18,0,18,-1/2*e000 + -1/2*e010 + 1/2*e101 + 1/2*e111,0
19,0,19,-1/2*e000 + -1/2*e010 + 1/2*e011 + -1/2*e100,0
20,0,20,-1/2*e000 + -1/2*e010 + 1/2*e011 + 1/2*e100,0
21,0,21,-1/2*e000 + -1/2*e011 + -1/2*e110 + -1/2*e111,0
22,0,22,-1/2*e000 + -1/2*e011 + -1/2*e110 + 1/2*e111,0
23,0,23,-1/2*e000 + -1/2*e011 + 1/2*e110 + -1/2*e111,0
24,0,24,-1/2*e000 + -1/2*e011 + 1/2*e110 + 1/2*e111,0
25,0,25,-1/2*e000 + -1/2*e100 + -1/2*e101 + -1/2*e110,0
26,0,26,-1/2*e000 + -1/2*e100 + 1/2*e101 + -1/2*e110,0
27,0,27,-1/2*e000 + -1/2*e100 + -1/2*e101 + 1/2*e110,0
28,0,28,-1/2*e000 + -1/2*e100 + 1/2*e101 + 1/2*e110,0
29,0,29,-1/2*e000 + 1/2*e100 + -1/2*e101 + -1/2*e110,0
30,0,30,-1/2*e000 + 1/2*e100 + 1/2*e101 + -1/2*e110,0
31,0,31,-1/2*e000 + 1/2*e100 + -1/2*e101 + 1/2*e110,0
32,0,32,-1/2*e000 + 1/2*e100 + 1/2*e101 + 1/2*e110,0
33,0,33,-1/2*e000 + 1/2*e011 + -1/2*e110 + -1/2*e111,0
34,0,34,-1/2*e000 + 1/2*e011 + -1/2*e110 + 1/2*e111,0
35,0,35,-1/2*e000 + 1/2*e011 + 1/2*e110 + -1/2*e111,0
36,0,36,-1/2*e000 + 1/2*e011 + 1/2*e110 + 1/2*e111,0
37,0,37,-1/2*e000 + 1/2*e010 + -1/2*e011 + -1/2*e100,0
38,0,38,-1/2*e000 + 1/2*e010 + -1/2*e011 + 1/2*e100,0
39,0,39,-1/2*e000 + 1/2*e010 + -1/2*e101 + -1/2*e111,0
40,0,40,-1/2*e000 + 1/2*e010 + 1/2*e101 + -1/2*e111,0
41,0,41,-1/2*e000 + 1/2*e010 + -1/2*e101 + 1/2*e111,0
42,0,42,-1/2*e000 + 1/2*e010 + 1/2*e101 + 1/2*e111,0
43,0,43,-1/2*e000 + 1/2*e010 + 1/2*e011 + -1/2*e100,0
44,0,44,-1/2*e000 + 1/2*e010 + 1/2*e011 + 1/2*e100,0
45,0,45,-1/2*e000 + 1/2*e001 + -1/2*e010 + -1/2*e110,0
46,0,46,-1/2*e000 + 1/2*e001 + -1/2*e010 + 1/2*e110,0
47,0,47,-1/2*e000 + 1/2*e001 + -1/2*e011 + -1/2*e101,0
48,0,48,-1/2*e000 + 1/2*e001 + -1/2*e011 + 1/2*e101,0
49,0,49,-1/2*e000 + 1/2*e001 + -1/2*e100 + -1/2*e111,0
50,0,50,-1/2*e000 + 1/2*e001 + -1/2*e100 + 1/2*e111,0
51,0,51,-1/2*e000 + 1/2*e001 + 1/2*e100 + -1/2*e111,0
52,0,52,-1/2*e000 + 1/2*e001 + 1/2*e100 + 1/2*e111,0
53,0,53,-1/2*e000 + 1/2*e001 + 1/2*e011 + -1/2*e101,0
54,0,54,-1/2*e000 + 1/2*e001 + 1/2*e011 + 1/2*e101,0
55,0,55,-1/2*e000 + 1/2*e001 + 1/2*e010 + -1/2*e110,0
56,0,56,-1/2*e000 + 1/2*e001 + 1/2*e010 + 1/2*e110,0
57,0,57,-1*e001,0
58,0,58,-1/2*e001 + -1/2*e010 + -1/2*e011 + -1/2*e111,0
59,0,59,-1/2*e001 + -1/2*e010 + -1/2*e011 + 1/2*e111,0
60,0,60,-1/2*e001 + -1/2*e010 + -1/2*e100 + -1/2*e101,0
61,0,61,-1/2*e001 + -1/2*e010 + -1/2*e100 + 1/2*e101,0
62,0,62,-1/2*e001 + -1/2*e010 + 1/2*e100 + -1/2*e101,0
63,0,63,-1/2*e001 + -1/2*e010 + 1/2*e100 + 1/2*e101,0
64,0,64,-1/2*e001 + -1/2*e010 + 1/2*e011 + -1/2*e111,0
65,0,65,-1/2*e001 + -1/2*e010 + 1/2*e011 + 1/2*e111,0
66,0,66,-1/2*e001 + -1/2*e011 + -1/2*e100 + -1/2*e110,0
67,0,67,-1/2*e001 + -1/2*e011 + -1/2*e100 + 1/2*e110,0
68,0,68,-1/2*e001 + -1/2*e011 + 1/2*e100 + -1/2*e110,0
69,0,69,-1/2*e001 + -1/2*e011 + 1/2*e100 + 1/2*e110,0
70,0,70,-1/2*e001 + -1/2*e101 + -1/2*e110 + -1/2*e111,0
71,0,71,-1/2*e001 + 1/2*e101 + -1/2*e110 + -1/2*e111,0
72,0,72,-1/2*e001 + -1/2*e101 + -1/2*e110 + 1/2*e111,0
73,0,73,-1/2*e001 + 1/2*e101 + -1/2*e110 + 1/2*e111,0
74,0,74,-1/2*e001 + -1/2*e101 + 1/2*e110 + -1/2*e111,0
75,0,75,-1/2*e001 + 1/2*e101 + 1/2*e110 + -1/2*e111,0
76,0,76,-1/2*e001 + -1/2*e101 + 1/2*e110 + 1/2*e111,0
77,0,77,-1/2*e001 + 1/2*e101 + 1/2*e110 + 1/2*e111,0
78,0,78,-1/2*e001 + 1/2*e011 + -1/2*e100 + -1/2*e110,0
79,0,79,-1/2*e001 + 1/2*e011 + -1/2*e100 + 1/2*e110,0
80,0,80,-1/2*e001 + 1/2*e011 + 1/2*e100 + -1/2*e110,0
81,0,81,-1/2*e001 + 1/2*e011 + 1/2*e100 + 1/2*e110,0
82,0,82,-1/2*e001 + 1/2*e010 + -1/2*e011 + -1/2*e111,0
83,0,83,-1/2*e001 + 1/2*e010 + -1/2*e011 + 1/2*e111,0
84,0,84,-1/2*e001 + 1/2*e010 + -1/2*e100 + -1/2*e101,0
85,0,85,-1/2*e001 + 1/2*e010 + -1/2*e100 + 1/2*e101,0
86,0,86,-1/2*e001 + 1/2*e010 + 1/2*e100 + -1/2*e101,0
87,0,87,-1/2*e001 + 1/2*e010 + 1/2*e100 + 1/2*e101,0
88,0,88,-1/2*e001 + 1/2*e010 + 1/2*e011 + -1/2*e111,0
89,0,89,-1/2*e001 + 1/2*e010 + 1/2*e011 + 1/2*e111,0
90,0,90,-1*e010,0
91,0,91,-1/2*e010 + -1/2*e011 + -1/2*e101 + -1/2*e110,0
92,0,92,-1/2*e010 + -1/2*e011 + 1/2*e101 + -1/2*e110,0
93,0,93,-1/2*e010 + -1/2*e011 + -1/2*e101 + 1/2*e110,0
94,0,94,-1/2*e010 + -1/2*e011 + 1/2*e101 + 1/2*e110,0
95,0,95,-1/2*e010 + -1/2*e100 + -1/2*e110 + -1/2*e111,0
96,0,96,-1/2*e010 + -1/2*e100 + -1/2*e110 + 1/2*e111,0
97,0,97,-1/2*e010 + -1/2*e100 + 1/2*e110 + -1/2*e111,0
98,0,98,-1/2*e010 + -1/2*e100 + 1/2*e110 + 1/2*e111,0
99,0,99,-1/2*e010 + 1/2*e100 + -1/2*e110 + -1/2*e111,0
100,0,100,-1/2*e010 + 1/2*e100 + -1/2*e110 + 1/2*e111,0
101,0,101,-1/2*e010 + 1/2*e100 + 1/2*e110 + -1/2*e111,0
102,0,102,-1/2*e010 + 1/2*e100 + 1/2*e110 + 1/2*e111,0
103,0,103,-1/2*e010 + 1/2*e011 + -1/2*e101 + -1/2*e110,0
104,0,104,-1/2*e010 + 1/2*e011 + 1/2*e101 + -1/2*e110,0
105,0,105,-1/2*e010 + 1/2*e011 + -1/2*e101 + 1/2*e110,0
106,0,106,-1/2*e010 + 1/2*e011 + 1/2*e101 + 1/2*e110,0
107,0,107,-1*e011,0
108,0,108,-1/2*e011 + -1/2*e100 + -1/2*e101 + -1/2*e111,0
109,0,109,-1/2*e011 + -1/2*e100 + 1/2*e101 + -1/2*e111,0
110,0,110,-1/2*e011 + -1/2*e100 + -1/2*e101 + 1/2*e111,0
111,0,111,-1/2*e011 + -1/2*e100 + 1/2*e101 + 1/2*e111,0
112,0,112,-1/2*e011 + 1/2*e100 + -1/2*e101 + -1/2*e111,0
113,0,113,-1/2*e011 + 1/2*e100 + 1/2*e101 + -1/2*e111,0
114,0,114,-1/2*e011 + 1/2*e100 + -1/2*e101 + 1/2*e111,0
115,0,115,-1/2*e011 + 1/2*e100 + 1/2*e101 + 1/2*e111,0
116,0,116,-1*e100,0
117,0,117,-1*e110,0
118,0,118,-1*e111,0
119,0,119,-1*e101,0
120,0,120,1*e101,0
121,0,121,1*e111,0
122,0,122,1*e110,0
123,0,123,1*e100,0
124,0,124,1/2*e011 + -1/2*e100 + -1/2*e101 + -1/2*e111,0
125,0,125,1/2*e011 + -1/2*e100 + 1/2*e101 + -1/2*e111,0
126,0,126,1/2*e011 + -1/2*e100 + -1/2*e101 + 1/2*e111,0
127,0,127,1/2*e011 + -1/2*e100 + 1/2*e101 + 1/2*e111,0
128,0,128,1/2*e011 + 1/2*e100 + -1/2*e101 + -1/2*e111,0
129,0,129,1/2*e011 + 1/2*e100 + 1/2*e101 + -1/2*e111,0
130,0,130,1/2*e011 + 1/2*e100 + -1/2*e101 + 1/2*e111,0
131,0,131,1/2*e011 + 1/2*e100 + 1/2*e101 + 1/2*e111,0
132,0,132,1*e011,0
133,0,133,1/2*e010 + -1/2*e011 + -1/2*e101 + -1/2*e110,0
134,0,134,1/2*e010 + -1/2*e011 + 1/2*e101 + -1/2*e110,0
135,0,135,1/2*e010 + -1/2*e011 + -1/2*e101 + 1/2*e110,0
136,0,136,1/2*e010 + -1/2*e011 + 1/2*e101 + 1/2*e110,0
137,0,137,1/2*e010 + -1/2*e100 + -1/2*e110 + -1/2*e111,0
138,0,138,1/2*e010 + -1/2*e100 + -1/2*e110 + 1/2*e111,0
139,0,139,1/2*e010 + -1/2*e100 + 1/2*e110 + -1/2*e111,0
140,0,140,1/2*e010 + -1/2*e100 + 1/2*e110 + 1/2*e111,0
141,0,141,1/2*e010 + 1/2*e100 + -1/2*e110 + -1/2*e111,0
142,0,142,1/2*e010 + 1/2*e100 + -1/2*e110 + 1/2*e111,0
143,0,143,1/2*e010 + 1/2*e100 + 1/2*e110 + -1/2*e111,0
144,0,144,1/2*e010 + 1/2*e100 + 1/2*e110 + 1/2*e111,0
145,0,145,1/2*e010 + 1/2*e011 + -1/2*e101 + -1/2*e110,0
146,0,146,1/2*e010 + 1/2*e011 + 1/2*e101 + -1/2*e110,0
147,0,147,1/2*e010 + 1/2*e011 + -1/2*e101 + 1/2*e110,0
148,0,148,1/2*e010 + 1/2*e011 + 1/2*e101 + 1/2*e110,0
149,0,149,1*e010,0
150,0,150,1/2*e001 + -1/2*e010 + -1/2*e011 + -1/2*e111,0
151,0,151,1/2*e001 + -1/2*e010 + -1/2*e011 + 1/2*e111,0
152,0,152,1/2*e001 + -1/2*e010 + -1/2*e100 + -1/2*e101,0
153,0,153,1/2*e001 + -1/2*e010 + -1/2*e100 + 1/2*e101,0
154,0,154,1/2*e001 + -1/2*e010 + 1/2*e100 + -1/2*e101,0
155,0,155,1/2*e001 + -1/2*e010 + 1/2*e100 + 1/2*e101,0
156,0,156,1/2*e001 + -1/2*e010 + 1/2*e011 + -1/2*e111,0
157,0,157,1/2*e001 + -1/2*e010 + 1/2*e011 + 1/2*e111,0
158,0,158,1/2*e001 + -1/2*e011 + -1/2*e100 + -1/2*e110,0
159,0,159,1/2*e001 + -1/2*e011 + -1/2*e100 + 1/2*e110,0
160,0,160,1/2*e001 + -1/2*e011 + 1/2*e100 + -1/2*e110,0
161,0,161,1/2*e001 + -1/2*e011 + 1/2*e100 + 1/2*e110,0
162,0,162,1/2*e001 + -1/2*e101 + -1/2*e110 + -1/2*e111,0
163,0,163,1/2*e001 + 1/2*e101 + -1/2*e110 + -1/2*e111,0
164,0,164,1/2*e001 + -1/2*e101 + -1/2*e110 + 1/2*e111,0
165,0,165,1/2*e001 + 1/2*e101 + -1/2*e110 + 1/2*e111,0
166,0,166,1/2*e001 + -1/2*e101 + 1/2*e110 + -1/2*e111,0
167,0,167,1/2*e001 + 1/2*e101 + 1/2*e110 + -1/2*e111,0
168,0,168,1/2*e001 + -1/2*e101 + 1/2*e110 + 1/2*e111,0
169,0,169,1/2*e001 + 1/2*e101 + 1/2*e110 + 1/2*e111,0
170,0,170,1/2*e001 + 1/2*e011 + -1/2*e100 + -1/2*e110,0
171,0,171,1/2*e001 + 1/2*e011 + -1/2*e100 + 1/2*e110,0
172,0,172,1/2*e001 + 1/2*e011 + 1/2*e100 + -1/2*e110,0
173,0,173,1/2*e001 + 1/2*e011 + 1/2*e100 + 1/2*e110,0
174,0,174,1/2*e001 + 1/2*e010 + -1/2*e011 + -1/2*e111,0
175,0,175,1/2*e001 + 1/2*e010 + -1/2*e011 + 1/2*e111,0
176,0,176,1/2*e001 + 1/2*e010 + -1/2*e100 + -1/2*e101,0
177,0,177,1/2*e001 + 1/2*e010 + -1/2*e100 + 1/2*e101,0
178,0,178,1/2*e001 + 1/2*e010 + 1/2*e100 + -1/2*e101,0
179,0,179,1/2*e001 + 1/2*e010 + 1/2*e100 + 1/2*e101,0
180,0,180,1/2*e001 + 1/2*e010 + 1/2*e011 + -1/2*e111,0
181,0,181,1/2*e001 + 1/2*e010 + 1/2*e011 + 1/2*e111,0
182,0,182,1*e001,0
183,0,183,1/2*e000 + -1/2*e001 + -1/2*e010 + -1/2*e110,0
184,0,184,1/2*e000 + -1/2*e001 + -1/2*e010 + 1/2*e110,0
185,0,185,1/2*e000 + -1/2*e001 + -1/2*e011 + -1/2*e101,0
186,0,186,1/2*e000 + -1/2*e001 + -1/2*e011 + 1/2*e101,0
187,0,187,1/2*e000 + -1/2*e001 + -1/2*e100 + -1/2*e111,0
188,0,188,1/2*e000 + -1/2*e001 + -1/2*e100 + 1/2*e111,0
189,0,189,1/2*e000 + -1/2*e001 + 1/2*e100 + -1/2*e111,0
190,0,190,1/2*e000 + -1/2*e001 + 1/2*e100 + 1/2*e111,0
191,0,191,1/2*e000 + -1/2*e001 + 1/2*e011 + -1/2*e101,0
192,0,192,1/2*e000 + -1/2*e001 + 1/2*e011 + 1/2*e101,0
193,0,193,1/2*e000 + -1/2*e001 + 1/2*e010 + -1/2*e110,0
194,0,194,1/2*e000 + -1/2*e001 + 1/2*e010 + 1/2*e110,0
195,0,195,1/2*e000 + -1/2*e010 + -1/2*e011 + -1/2*e100,0
196,0,196,1/2*e000 + -1/2*e010 + -1/2*e011 + 1/2*e100,0
197,0,197,1/2*e000 + -1/2*e010 + -1/2*e101 + -1/2*e111,0
198,0,198,1/2*e000 + -1/2*e010 + 1/2*e101 + -1/2*e111,0
199,0,199,1/2*e000 + -1/2*e010 + -1/2*e101 + 1/2*e111,0
200,0,200,1/2*e000 + -1/2*e010 + 1/2*e101 + 1/2*e111,0
201,0,201,1/2*e000 + -1/2*e010 + 1/2*e011 + -1/2*e100,0
202,0,202,1/2*e000 + -1/2*e010 + 1/2*e011 + 1/2*e100,0
203,0,203,1/2*e000 + -1/2*e011 + -1/2*e110 + -1/2*e111,0
204,0,204,1/2*e000 + -1/2*e011 + -1/2*e110 + 1/2*e111,0
205,0,205,1/2*e000 + -1/2*e011 + 1/2*e110 + -1/2*e111,0
206,0,206,1/2*e000 + -1/2*e011 + 1/2*e110 + 1/2*e111,0
207,0,207,1/2*e000 + -1/2*e100 + -1/2*e101 + -1/2*e110,0
208,0,208,1/2*e000 + -1/2*e100 + 1/2*e101 + -1/2*e110,0
209,0,209,1/2*e000 + -1/2*e100 + -1/2*e101 + 1/2*e110,0
210,0,210,1/2*e000 + -1/2*e100 + 1/2*e101 + 1/2*e110,0
211,0,211,1/2*e000 + 1/2*e100 + -1/2*e101 + -1/2*e110,0
212,0,212,1/2*e000 + 1/2*e100 + 1/2*e101 + -1/2*e110,0
213,0,213,1/2*e000 + 1/2*e100 + -1/2*e101 + 1/2*e110,0
214,0,214,1/2*e000 + 1/2*e100 + 1/2*e101 + 1/2*e110,0
215,0,215,1/2*e000 + 1/2*e011 + -1/2*e110 + -1/2*e111,0
216,0,216,1/2*e000 + 1/2*e011 + -1/2*e110 + 1/2*e111,0
217,0,217,1/2*e000 + 1/2*e011 + 1/2*e110 + -1/2*e111,0
218,0,218,1/2*e000 + 1/2*e011 + 1/2*e110 + 1/2*e111,0
219,0,219,1/2*e000 + 1/2*e010 + -1/2*e011 + -1/2*e100,0
220,0,220,1/2*e000 + 1/2*e010 + -1/2*e011 + 1/2*e100,0
221,0,221,1/2*e000 + 1/2*e010 + -1/2*e101 + -1/2*e111,0
222,0,222,1/2*e000 + 1/2*e010 + 1/2*e101 + -1/2*e111,0
223,0,223,1/2*e000 + 1/2*e010 + -1/2*e101 + 1/2*e111,0
224,0,224,1/2*e000 + 1/2*e010 + 1/2*e101 + 1/2*e111,0
225,0,225,1/2*e000 + 1/2*e010 + 1/2*e011 + -1/2*e100,0
226,0,226,1/2*e000 + 1/2*e010 + 1/2*e011 + 1/2*e100,0
227,0,227,1/2*e000 + 1/2*e001 + -1/2*e010 + -1/2*e110,0
228,0,228,1/2*e000 + 1/2*e001 + -1/2*e010 + 1/2*e110,0
229,0,229,1/2*e000 + 1/2*e001 + -1/2*e011 + -1/2*e101,0
230,0,230,1/2*e000 + 1/2*e001 + -1/2*e011 + 1/2*e101,0
231,0,231,1/2*e000 + 1/2*e001 + -1/2*e100 + -1/2*e111,0
232,0,232,1/2*e000 + 1/2*e001 + -1/2*e100 + 1/2*e111,0
233,0,233,1/2*e000 + 1/2*e001 + 1/2*e100 + -1/2*e111,0
234,0,234,1/2*e000 + 1/2*e001 + 1/2*e100 + 1/2*e111,0
235,0,235,1/2*e000 + 1/2*e001 + 1/2*e011 + -1/2*e101,0
236,0,236,1/2*e000 + 1/2*e001 + 1/2*e011 + 1/2*e101,0
237,0,237,1/2*e000 + 1/2*e001 + 1/2*e010 + -1/2*e110,0
238,0,238,1/2*e000 + 1/2*e001 + 1/2*e010 + 1/2*e110,0
239,0,239,1*e000,1
240,1,0,i*(-1*e000),0
241,1,1,i*(-1/2*e000 + -1/2*e001 + -1/2*e010 + -1/2*e110),0
242,1,2,i*(-1/2*e000 + -1/2*e001 + -1/2*e010 + 1/2*e110),0
243,1,3,i*(-1/2*e000 + -1/2*e001 + -1/2*e011 + -1/2*e101),0
244,1,4,i*(-1/2*e000 + -1/2*e001 + -1/2*e011 + 1/2*e101),0
245,1,5,i*(-1/2*e000 + -1/2*e001 + -1/2*e100 + -1/2*e111),0
246,1,6,i*(-1/2*e000 + -1/2*e001 + -1/2*e100 + 1/2*e111),0
247,1,7,i*(-1/2*e000 + -1/2*e001 + 1/2*e100 + -1/2*e111),0
248,1,8,i*(-1/2*e000 + -1/2*e001 + 1/2*e100 + 1/2*e111),0
249,1,9,i*(-1/2*e000 + -1/2*e001 + 1/2*e011 + -1/2*e101),0
250,1,10,i*(-1/2*e000 + -1/2*e001 + 1/2*e011 + 1/2*e101),0
251,1,11,i*(-1/2*e000 + -1/2*e001 + 1/2*e010 + -1/2*e110),0
252,1,12,i*(-1/2*e000 + -1/2*e001 + 1/2*e010 + 1/2*e110),0
253,1,13,i*(-1/2*e000 + -1/2*e010 + -1/2*e011 + -1/2*e100),0
254,1,14,i*(-1/2*e000 + -1/2*e010 + -1/2*e011 + 1/2*e100),0
255,1,15,i*(-1/2*e000 + -1/2*e010 + -1/2*e101 + -1/2*e111),0
256,1,16,i*(-1/2*e000 + -1/2*e010 + 1/2*e101 + -1/2*e111),0
257,1,17,i*(-1/2*e000 + -1/2*e010 + -1/2*e101 + 1/2*e111),0
258,1,18,i*(-1/2*e000 + -1/2*e010 + 1/2*e101 + 1/2*e111),0
259,1,19,i*(-1/2*e000 + -1/2*e010 + 1/2*e011 + -1/2*e100),0
260,1,20,i*(-1/2*e000 + -1/2*e010 + 1/2*e011 + 1/2*e100),0
261,1,21,i*(-1/2*e000 + -1/2*e011 + -1/2*e110 + -1/2*e111),0
262,1,22,i*(-1/2*e000 + -1/2*e011 + -1/2*e110 + 1/2*e111),0
263,1,23,i*(-1/2*e000 + -1/2*e011 + 1/2*e110 + -1/2*e111),0
264,1,24,i*(-1/2*e000 + -1/2*e011 + 1/2*e110 + 1/2*e111),0
265,1,25,i*(-1/2*e000 + -1/2*e100 + -1/2*e101 + -1/2*e110),0
266,1,26,i*(-1/2*e000 + -1/2*e100 + 1/2*e101 + -1/2*e110),0
267,1,27,i*(-1/2*e000 + -1/2*e100 + -1/2*e101 + 1/2*e110),0
268,1,28,i*(-1/2*e000 + -1/2*e100 + 1/2*e101 + 1/2*e110),0
269,1,29,i*(-1/2*e000 + 1/2*e100 + -1/2*e101 + -1/2*e110),0
270,1,30,i*(-1/2*e000 + 1/2*e100 + 1/2*e101 + -1/2*e110),0
271,1,31,i*(-1/2*e000 + 1/2*e100 + -1/2*e101 + 1/2*e110),0
272,1,32,i*(-1/2*e000 + 1/2*e100 + 1/2*e101 + 1/2*e110),0
273,1,33,i*(-1/2*e000 + 1/2*e011 + -1/2*e110 + -1/2*e111),0
274,1,34,i*(-1/2*e000 + 1/2*e011 + -1/2*e110 + 1/2*e111),0
275,1,35,i*(-1/2*e000 + 1/2*e011 + 1/2*e110 + -1/2*e111),0
276,1,36,i*(-1/2*e000 + 1/2*e011 + 1/2*e110 + 1/2*e111),0
277,1,37,i*(-1/2*e000 + 1/2*e010 + -1/2*e011 + -1/2*e100),0
278,1,38,i*(-1/2*e000 + 1/2*e010 + -1/2*e011 + 1/2*e100),0
279,1,39,i*(-1/2*e000 + 1/2*e010 + -1/2*e101 + -1/2*e111),0
280,1,40,i*(-1/2*e000 + 1/2*e010 + 1/2*e101 + -1/2*e111),0
281,1,41,i*(-1/2*e000 + 1/2*e010 + -1/2*e101 + 1/2*e111),0
282,1,42,i*(-1/2*e000 + 1/2*e010 + 1/2*e101 + 1/2*e111),0
283,1,43,i*(-1/2*e000 + 1/2*e010 + 1/2*e011 + -1/2*e100),0
284,1,44,i*(-1/2*e000 + 1/2*e010 + 1/2*e011 + 1/2*e100),0
285,1,45,i*(-1/2*e000 + 1/2*e001 + -1/2*e010 + -1/2*e110),0
286,1,46,i*(-1/2*e000 + 1/2*e001 + -1/2*e010 + 1/2*e110),0
287,1,47,i*(-1/2*e000 + 1/2*e001 + -1/2*e011 + -1/2*e101),0
288,1,48,i*(-1/2*e000 + 1/2*e001 + -1/2*e011 + 1/2*e101),0
289,1,49,i*(-1/2*e000 + 1/2*e001 + -1/2*e100 + -1/2*e111),0
290,1,50,i*(-1/2*e000 + 1/2*e001 + -1/2*e100 + 1/2*e111),0
291,1,51,i*(-1/2*e000 + 1/2*e001 + 1/2*e100 + -1/2*e111),0
292,1,52,i*(-1/2*e000 + 1/2*e001 + 1/2*e100 + 1/2*e111),0
293,1,53,i*(-1/2*e000 + 1/2*e001 + 1/2*e011 + -1/2*e101),0
294,1,54,i*(-1/2*e000 + 1/2*e001 + 1/2*e011 + 1/2*e101),0
295,1,55,i*(-1/2*e000 + 1/2*e001 + 1/2*e010 + -1/2*e110),0
296,1,56,i*(-1/2*e000 + 1/2*e001 + 1/2*e010 + 1/2*e110),0
297,1,57,i*(-1*e001),0
298,1,58,i*(-1/2*e001 + -1/2*e010 + -1/2*e011 + -1/2*e111),0
299,1,59,i*(-1/2*e001 + -1/2*e010 + -1/2*e011 + 1/2*e111),0
300,1,60,i*(-1/2*e001 + -1/2*e010 + -1/2*e100 + -1/2*e101),0
301,1,61,i*(-1/2*e001 + -1/2*e010 + -1/2*e100 + 1/2*e101),0
302,1,62,i*(-1/2*e001 + -1/2*e010 + 1/2*e100 + -1/2*e101),0
303,1,63,i*(-1/2*e001 + -1/2*e010 + 1/2*e100 + 1/2*e101),0
304,1,64,i*(-1/2*e001 + -1/2*e010 + 1/2*e011 + -1/2*e111),0
305,1,65,i*(-1/2*e001 + -1/2*e010 + 1/2*e011 + 1/2*e111),0
306,1,66,i*(-1/2*e001 + -1/2*e011 + -1/2*e100 + -1/2*e110),0
307,1,67,i*(-1/2*e001 + -1/2*e011 + -1/2*e100 + 1/2*e110),0
308,1,68,i*(-1/2*e001 + -1/2*e011 + 1/2*e100 + -1/2*e110),0
309,1,69,i*(-1/2*e001 + -1/2*e011 + 1/2*e100 + 1/2*e110),0
310,1,70,i*(-1/2*e001 + -1/2*e101 + -1/2*e110 + -1/2*e111),0
311,1,71,i*(-1/2*e001 + 1/2*e101 + -1/2*e110 + -1/2*e111),0
312,1,72,i*(-1/2*e001 + -1/2*e101 + -1/2*e110 + 1/2*e111),0
313,1,73,i*(-1/2*e001 + 1/2*e101 + -1/2*e110 + 1/2*e111),0
314,1,74,i*(-1/2*e001 + -1/2*e101 + 1/2*e110 + -1/2*e111),0
315,1,75,i*(-1/2*e001 + 1/2*e101 + 1/2*e110 + -1/2*e111),0
316,1,76,i*(-1/2*e001 + -1/2*e101 + 1/2*e110 + 1/2*e111),0
317,1,77,i*(-1/2*e001 + 1/2*e101 + 1/2*e110 + 1/2*e111),0
318,1,78,i*(-1/2*e001 + 1/2*e011 + -1/2*e100 + -1/2*e110),0
319,1,79,i*(-1/2*e001 + 1/2*e011 + -1/2*e100 + 1/2*e110),0
320,1,80,i*(-1/2*e001 + 1/2*e011 + 1/2*e100 + -1/2*e110),0
321,1,81,i*(-1/2*e001 + 1/2*e011 + 1/2*e100 + 1/2*e110),0
322,1,82,i*(-1/2*e001 + 1/2*e010 + -1/2*e011 + -1/2*e111),0
323,1,83,i*(-1/2*e001 + 1/2*e010 + -1/2*e011 + 1/2*e111),0
324,1,84,i*(-1/2*e001 + 1/2*e010 + -1/2*e100 + -1/2*e101),0
325,1,85,i*(-1/2*e001 + 1/2*e010 + -1/2*e100 + 1/2*e101),0
326,1,86,i*(-1/2*e001 + 1/2*e010 + 1/2*e100 + -1/2*e101),0
327,1,87,i*(-1/2*e001 + 1/2*e010 + 1/2*e100 + 1/2*e101),0
328,1,88,i*(-1/2*e001 + 1/2*e010 + 1/2*e011 + -1/2*e111),0
329,1,89,i*(-1/2*e001 + 1/2*e010 + 1/2*e011 + 1/2*e111),0
330,1,90,i*(-1*e010),0
331,1,91,i*(-1/2*e010 + -1/2*e011 + -1/2*e101 + -1/2*e110),0
332,1,92,i*(-1/2*e010 + -1/2*e011 + 1/2*e101 + -1/2*e110),0
333,1,93,i*(-1/2*e010 + -1/2*e011 + -1/2*e101 + 1/2*e110),0
334,1,94,i*(-1/2*e010 + -1/2*e011 + 1/2*e101 + 1/2*e110),0
335,1,95,i*(-1/2*e010 + -1/2*e100 + -1/2*e110 + -1/2*e111),0
336,1,96,i*(-1/2*e010 + -1/2*e100 + -1/2*e110 + 1/2*e111),0
337,1,97,i*(-1/2*e010 + -1/2*e100 + 1/2*e110 + -1/2*e111),0
338,1,98,i*(-1/2*e010 + -1/2*e100 + 1/2*e110 + 1/2*e111),0
339,1,99,i*(-1/2*e010 + 1/2*e100 + -1/2*e110 + -1/2*e111),0
340,1,100,i*(-1/2*e010 + 1/2*e100 + -1/2*e110 + 1/2*e111),0
341,1,101,i*(-1/2*e010 + 1/2*e100 + 1/2*e110 + -1/2*e111),0
342,1,102,i*(-1/2*e010 + 1/2*e100 + 1/2*e110 + 1/2*e111),0
343,1,103,i*(-1/2*e010 + 1/2*e011 + -1/2*e101 + -1/2*e110),0
344,1,104,i*(-1/2*e010 + 1/2*e011 + 1/2*e101 + -1/2*e110),0
345,1,105,i*(-1/2*e010 + 1/2*e011 + -1/2*e101 + 1/2*e110),0
346,1,106,i*(-1/2*e010 + 1/2*e011 + 1/2*e101 + 1/2*e110),0
347,1,107,i*(-1*e011),0
348,1,108,i*(-1/2*e011 + -1/2*e100 + -1/2*e101 + -1/2*e111),0
349,1,109,i*(-1/2*e011 + -1/2*e100 + 1/2*e101 + -1/2*e111),0
350,1,110,i*(-1/2*e011 + -1/2*e100 + -1/2*e101 + 1/2*e111),0
351,1,111,i*(-1/2*e011 + -1/2*e100 + 1/2*e101 + 1/2*e111),0
352,1,112,i*(-1/2*e011 + 1/2*e100 + -1/2*e101 + -1/2*e111),0
353,1,113,i*(-1/2*e011 + 1/2*e100 + 1/2*e101 + -1/2*e111),0
354,1,114,i*(-1/2*e011 + 1/2*e100 + -1/2*e101 + 1/2*e111),0
355,1,115,i*(-1/2*e011 + 1/2*e100 + 1/2*e101 + 1/2*e111),0
356,1,116,i*(-1*e100),0
357,1,117,i*(-1*e110),0
358,1,118,i*(-1*e111),0
359,1,119,i*(-1*e101),0
360,1,120,i*(1*e101),0
361,1,121,i*(1*e111),0
362,1,122,i*(1*e110),0
363,1,123,i*(1*e100),0
364,1,124,i*(1/2*e011 + -1/2*e100 + -1/2*e101 + -1/2*e111),0
365,1,125,i*(1/2*e011 + -1/2*e100 + 1/2*e101 + -1/2*e111),0
366,1,126,i*(1/2*e011 + -1/2*e100 + -1/2*e101 + 1/2*e111),0
367,1,127,i*(1/2*e011 + -1/2*e100 + 1/2*e101 + 1/2*e111),0
368,1,128,i*(1/2*e011 + 1/2*e100 + -1/2*e101 + -1/2*e111),0
369,1,129,i*(1/2*e011 + 1/2*e100 + 1/2*e101 + -1/2*e111),0
370,1,130,i*(1/2*e011 + 1/2*e100 + -1/2*e101 + 1/2*e111),0
371,1,131,i*(1/2*e011 + 1/2*e100 + 1/2*e101 + 1/2*e111),0
372,1,132,i*(1*e011),0
373,1,133,i*(1/2*e010 + -1/2*e011 + -1/2*e101 + -1/2*e110),0
374,1,134,i*(1/2*e010 + -1/2*e011 + 1/2*e101 + -1/2*e110),0
375,1,135,i*(1/2*e010 + -1/2*e011 + -1/2*e101 + 1/2*e110),0
376,1,136,i*(1/2*e010 + -1/2*e011 + 1/2*e101 + 1/2*e110),0
377,1,137,i*(1/2*e010 + -1/2*e100 + -1/2*e110 + -1/2*e111),0
378,1,138,i*(1/2*e010 + -1/2*e100 + -1/2*e110 + 1/2*e111),0
379,1,139,i*(1/2*e010 + -1/2*e100 + 1/2*e110 + -1/2*e111),0
380,1,140,i*(1/2*e010 + -1/2*e100 + 1/2*e110 + 1/2*e111),0
381,1,141,i*(1/2*e010 + 1/2*e100 + -1/2*e110 + -1/2*e111),0
382,1,142,i*(1/2*e010 + 1/2*e100 + -1/2*e110 + 1/2*e111),0
383,1,143,i*(1/2*e010 + 1/2*e100 + 1/2*e110 + -1/2*e111),0
384,1,144,i*(1/2*e010 + 1/2*e100 + 1/2*e110 + 1/2*e111),0
385,1,145,i*(1/2*e010 + 1/2*e011 + -1/2*e101 + -1/2*e110),0
386,1,146,i*(1/2*e010 + 1/2*e011 + 1/2*e101 + -1/2*e110),0
387,1,147,i*(1/2*e010 + 1/2*e011 + -1/2*e101 + 1/2*e110),0
388,1,148,i*(1/2*e010 + 1/2*e011 + 1/2*e101 + 1/2*e110),0
389,1,149,i*(1*e010),0
390,1,150,i*(1/2*e001 + -1/2*e010 + -1/2*e011 + -1/2*e111),0
391,1,151,i*(1/2*e001 + -1/2*e010 + -1/2*e011 + 1/2*e111),0
392,1,152,i*(1/2*e001 + -1/2*e010 + -1/2*e100 + -1/2*e101),0
393,1,153,i*(1/2*e001 + -1/2*e010 + -1/2*e100 + 1/2*e101),0
394,1,154,i*(1/2*e001 + -1/2*e010 + 1/2*e100 + -1/2*e101),0
395,1,155,i*(1/2*e001 + -1/2*e010 + 1/2*e100 + 1/2*e101),0
396,1,156,i*(1/2*e001 + -1/2*e010 + 1/2*e011 + -1/2*e111),0
397,1,157,i*(1/2*e001 + -1/2*e010 + 1/2*e011 + 1/2*e111),0
398,1,158,i*(1/2*e001 + -1/2*e011 + -1/2*e100 + -1/2*e110),0
399,1,159,i*(1/2*e001 + -1/2*e011 + -1/2*e100 + 1/2*e110),0
400,1,160,i*(1/2*e001 + -1/2*e011 + 1/2*e100 + -1/2*e110),0
401,1,161,i*(1/2*e001 + -1/2*e011 + 1/2*e100 + 1/2*e110),0
402,1,162,i*(1/2*e001 + -1/2*e101 + -1/2*e110 + -1/2*e111),0
403,1,163,i*(1/2*e001 + 1/2*e101 + -1/2*e110 + -1/2*e111),0
404,1,164,i*(1/2*e001 + -1/2*e101 + -1/2*e110 + 1/2*e111),0
405,1,165,i*(1/2*e001 + 1/2*e101 + -1/2*e110 + 1/2*e111),0
406,1,166,i*(1/2*e001 + -1/2*e101 + 1/2*e110 + -1/2*e111),0
407,1,167,i*(1/2*e001 + 1/2*e101 + 1/2*e110 + -1/2*e111),0
408,1,168,i*(1/2*e001 + -1/2*e101 + 1/2*e110 + 1/2*e111),0
409,1,169,i*(1/2*e001 + 1/2*e101 + 1/2*e110 + 1/2*e111),0
410,1,170,i*(1/2*e001 + 1/2*e011 + -1/2*e100 + -1/2*e110),0
411,1,171,i*(1/2*e001 + 1/2*e011 + -1/2*e100 + 1/2*e110),0
412,1,172,i*(1/2*e001 + 1/2*e011 + 1/2*e100 + -1/2*e110),0
413,1,173,i*(1/2*e001 + 1/2*e011 + 1/2*e100 + 1/2*e110),0
414,1,174,i*(1/2*e001 + 1/2*e010 + -1/2*e011 + -1/2*e111),0
415,1,175,i*(1/2*e001 + 1/2*e010 + -1/2*e011 + 1/2*e111),0
416,1,176,i*(1/2*e001 + 1/2*e010 + -1/2*e100 + -1/2*e101),0
417,1,177,i*(1/2*e001 + 1/2*e010 + -1/2*e100 + 1/2*e101),0
418,1,178,i*(1/2*e001 + 1/2*e010 + 1/2*e100 + -1/2*e101),0
419,1,179,i*(1/2*e001 + 1/2*e010 + 1/2*e100 + 1/2*e101),0
420,1,180,i*(1/2*e001 + 1/2*e010 + 1/2*e011 + -1/2*e111),0
421,1,181,i*(1/2*e001 + 1/2*e010 + 1/2*e011 + 1/2*e111),0
422,1,182,i*(1*e001),0
423,1,183,i*(1/2*e000 + -1/2*e001 + -1/2*e010 + -1/2*e110),0
424,1,184,i*(1/2*e000 + -1/2*e001 + -1/2*e010 + 1/2*e110),0
425,1,185,i*(1/2*e000 + -1/2*e001 + -1/2*e011 + -1/2*e101),0
426,1,186,i*(1/2*e000 + -1/2*e001 + -1/2*e011 + 1/2*e101),0
427,1,187,i*(1/2*e000 + -1/2*e001 + -1/2*e100 + -1/2*e111),0
428,1,188,i*(1/2*e000 + -1/2*e001 + -1/2*e100 + 1/2*e111),0
429,1,189,i*(1/2*e000 + -1/2*e001 + 1/2*e100 + -1/2*e111),0
430,1,190,i*(1/2*e000 + -1/2*e001 + 1/2*e100 + 1/2*e111),0
431,1,191,i*(1/2*e000 + -1/2*e001 + 1/2*e011 + -1/2*e101),0
432,1,192,i*(1/2*e000 + -1/2*e001 + 1/2*e011 + 1/2*e101),0
433,1,193,i*(1/2*e000 + -1/2*e001 + 1/2*e010 + -1/2*e110),0
434,1,194,i*(1/2*e000 + -1/2*e001 + 1/2*e010 + 1/2*e110),0
435,1,195,i*(1/2*e000 + -1/2*e010 + -1/2*e011 + -1/2*e100),0
436,1,196,i*(1/2*e000 + -1/2*e010 + -1/2*e011 + 1/2*e100),0
437,1,197,i*(1/2*e000 + -1/2*e010 + -1/2*e101 + -1/2*e111),0
438,1,198,i*(1/2*e000 + -1/2*e010 + 1/2*e101 + -1/2*e111),0
439,1,199,i*(1/2*e000 + -1/2*e010 + -1/2*e101 + 1/2*e111),0
440,1,200,i*(1/2*e000 + -1/2*e010 + 1/2*e101 + 1/2*e111),0
441,1,201,i*(1/2*e000 + -1/2*e010 + 1/2*e011 + -1/2*e100),0
442,1,202,i*(1/2*e000 + -1/2*e010 + 1/2*e011 + 1/2*e100),0
443,1,203,i*(1/2*e000 + -1/2*e011 + -1/2*e110 + -1/2*e111),0
444,1,204,i*(1/2*e000 + -1/2*e011 + -1/2*e110 + 1/2*e111),0
445,1,205,i*(1/2*e000 + -1/2*e011 + 1/2*e110 + -1/2*e111),0
446,1,206,i*(1/2*e000 + -1/2*e011 + 1/2*e110 + 1/2*e111),0
447,1,207,i*(1/2*e000 + -1/2*e100 + -1/2*e101 + -1/2*e110),0
448,1,208,i*(1/2*e000 + -1/2*e100 + 1/2*e101 + -1/2*e110),0
449,1,209,i*(1/2*e000 + -1/2*e100 + -1/2*e101 + 1/2*e110),0
450,1,210,i*(1/2*e000 + -1/2*e100 + 1/2*e101 + 1/2*e110),0
451,1,211,i*(1/2*e000 + 1/2*e100 + -1/2*e101 + -1/2*e110),0
452,1,212,i*(1/2*e000 + 1/2*e100 + 1/2*e101 + -1/2*e110),0
453,1,213,i*(1/2*e000 + 1/2*e100 + -1/2*e101 + 1/2*e110),0
454,1,214,i*(1/2*e000 + 1/2*e100 + 1/2*e101 + 1/2*e110),0
455,1,215,i*(1/2*e000 + 1/2*e011 + -1/2*e110 + -1/2*e111),0
456,1,216,i*(1/2*e000 + 1/2*e011 + -1/2*e110 + 1/2*e111),0
457,1,217,i*(1/2*e000 + 1/2*e011 + 1/2*e110 + -1/2*e111),0
458,1,218,i*(1/2*e000 + 1/2*e011 + 1/2*e110 + 1/2*e111),0
459,1,219,i*(1/2*e000 + 1/2*e010 + -1/2*e011 + -1/2*e100),0
460,1,220,i*(1/2*e000 + 1/2*e010 + -1/2*e011 + 1/2*e100),0
461,1,221,i*(1/2*e000 + 1/2*e010 + -1/2*e101 + -1/2*e111),0
462,1,222,i*(1/2*e000 + 1/2*e010 + 1/2*e101 + -1/2*e111),0
463,1,223,i*(1/2*e000 + 1/2*e010 + -1/2*e101 + 1/2*e111),0
464,1,224,i*(1/2*e000 + 1/2*e010 + 1/2*e101 + 1/2*e111),0
465,1,225,i*(1/2*e000 + 1/2*e010 + 1/2*e011 + -1/2*e100),0
466,1,226,i*(1/2*e000 + 1/2*e010 + 1/2*e011 + 1/2*e100),0
467,1,227,i*(1/2*e000 + 1/2*e001 + -1/2*e010 + -1/2*e110),0
468,1,228,i*(1/2*e000 + 1/2*e001 + -1/2*e010 + 1/2*e110),0
469,1,229,i*(1/2*e000 + 1/2*e001 + -1/2*e011 + -1/2*e101),0
470,1,230,i*(1/2*e000 + 1/2*e001 + -1/2*e011 + 1/2*e101),0
471,1,231,i*(1/2*e000 + 1/2*e001 + -1/2*e100 + -1/2*e111),0
472,1,232,i*(1/2*e000 + 1/2*e001 + -1/2*e100 + 1/2*e111),0
473,1,233,i*(1/2*e000 + 1/2*e001 + 1/2*e100 + -1/2*e111),0
474,1,234,i*(1/2*e000 + 1/2*e001 + 1/2*e100 + 1/2*e111),0
475,1,235,i*(1/2*e000 + 1/2*e001 + 1/2*e011 + -1/2*e101),0
476,1,236,i*(1/2*e000 + 1/2*e001 + 1/2*e011 + 1/2*e101),0
477,1,237,i*(1/2*e000 + 1/2*e001 + 1/2*e010 + -1/2*e110),0
478,1,238,i*(1/2*e000 + 1/2*e001 + 1/2*e010 + 1/2*e110),0
479,1,239,i*(1*e000),0
480,2,0,-1*(-1*e000),0
481,2,1,-1*(-1/2*e000 + -1/2*e001 + -1/2*e010 + -1/2*e110),0
482,2,2,-1*(-1/2*e000 + -1/2*e001 + -1/2*e010 + 1/2*e110),0
483,2,3,-1*(-1/2*e000 + -1/2*e001 + -1/2*e011 + -1/2*e101),0
484,2,4,-1*(-1/2*e000 + -1/2*e001 + -1/2*e011 + 1/2*e101),0
485,2,5,-1*(-1/2*e000 + -1/2*e001 + -1/2*e100 + -1/2*e111),0
486,2,6,-1*(-1/2*e000 + -1/2*e001 + -1/2*e100 + 1/2*e111),0
487,2,7,-1*(-1/2*e000 + -1/2*e001 + 1/2*e100 + -1/2*e111),0
488,2,8,-1*(-1/2*e000 + -1/2*e001 + 1/2*e100 + 1/2*e111),0
489,2,9,-1*(-1/2*e000 + -1/2*e001 + 1/2*e011 + -1/2*e101),0
490,2,10,-1*(-1/2*e000 + -1/2*e001 + 1/2*e011 + 1/2*e101),0
491,2,11,-1*(-1/2*e000 + -1/2*e001 + 1/2*e010 + -1/2*e110),0
492,2,12,-1*(-1/2*e000 + -1/2*e001 + 1/2*e010 + 1/2*e110),0
493,2,13,-1*(-1/2*e000 + -1/2*e010 + -1/2*e011 + -1/2*e100),0
494,2,14,-1*(-1/2*e000 + -1/2*e010 + -1/2*e011 + 1/2*e100),0
495,2,15,-1*(-1/2*e000 + -1/2*e010 + -1/2*e101 + -1/2*e111),0
496,2,16,-1*(-1/2*e000 + -1/2*e010 + 1/2*e101 + -1/2*e111),0
497,2,17,-1*(-1/2*e000 + -1/2*e010 + -1/2*e101 + 1/2*e111),0
498,2,18,-1*(-1/2*e000 + -1/2*e010 + 1/2*e101 + 1/2*e111),0
499,2,19,-1*(-1/2*e000 + -1/2*e010 + 1/2*e011 + -1/2*e100),0
500,2,20,-1*(-1/2*e000 + -1/2*e010 + 1/2*e011 + 1/2*e100),0
501,2,21,-1*(-1/2*e000 + -1/2*e011 + -1/2*e110 + -1/2*e111),0
502,2,22,-1*(-1/2*e000 + -1/2*e011 + -1/2*e110 + 1/2*e111),0
503,2,23,-1*(-1/2*e000 + -1/2*e011 + 1/2*e110 + -1/2*e111),0
504,2,24,-1*(-1/2*e000 + -1/2*e011 + 1/2*e110 + 1/2*e111),0
505,2,25,-1*(-1/2*e000 + -1/2*e100 + -1/2*e101 + -1/2*e110),0
506,2,26,-1*(-1/2*e000 + -1/2*e100 + 1/2*e101 + -1/2*e110),0
507,2,27,-1*(-1/2*e000 + -1/2*e100 + -1/2*e101 + 1/2*e110),0
508,2,28,-1*(-1/2*e000 + -1/2*e100 + 1/2*e101 + 1/2*e110),0
509,2,29,-1*(-1/2*e000 + 1/2*e100 + -1/2*e101 + -1/2*e110),0
510,2,30,-1*(-1/2*e000 + 1/2*e100 + 1/2*e101 + -1/2*e110),0
511,2,31,-1*(-1/2*e000 + 1/2*e100 + -1/2*e101 + 1/2*e110),0
512,2,32,-1*(-1/2*e000 + 1/2*e100 + 1/2*e101 + 1/2*e110),0
513,2,33,-1*(-1/2*e000 + 1/2*e011 + -1/2*e110 + -1/2*e111),0
514,2,34,-1*(-1/2*e000 + 1/2*e011 + -1/2*e110 + 1/2*e111),0
515,2,35,-1*(-1/2*e000 + 1/2*e011 + 1/2*e110 + -1/2*e111),0
516,2,36,-1*(-1/2*e000 + 1/2*e011 + 1/2*e110 + 1/2*e111),0
517,2,37,-1*(-1/2*e000 + 1/2*e010 + -1/2*e011 + -1/2*e100),0
518,2,38,-1*(-1/2*e000 + 1/2*e010 + -1/2*e011 + 1/2*e100),0
519,2,39,-1*(-1/2*e000 + 1/2*e010 + -1/2*e101 + -1/2*e111),0
520,2,40,-1*(-1/2*e000 + 1/2*e010 + 1/2*e101 + -1/2*e111),0
521,2,41,-1*(-1/2*e000 + 1/2*e010 + -1/2*e101 + 1/2*e111),0
522,2,42,-1*(-1/2*e000 + 1/2*e010 + 1/2*e101 + 1/2*e111),0
523,2,43,-1*(-1/2*e000 + 1/2*e010 + 1/2*e011 + -1/2*e100),0
524,2,44,-1*(-1/2*e000 + 1/2*e010 + 1/2*e011 + 1/2*e100),0
525,2,45,-1*(-1/2*e000 + 1/2*e001 + -1/2*e010 + -1/2*e110),0
526,2,46,-1*(-1/2*e000 + 1/2*e001 + -1/2*e010 + 1/2*e110),0
527,2,47,-1*(-1/2*e000 + 1/2*e001 + -1/2*e011 + -1/2*e101),0
528,2,48,-1*(-1/2*e000 + 1/2*e001 + -1/2*e011 + 1/2*e101),0
529,2,49,-1*(-1/2*e000 + 1/2*e001 + -1/2*e100 + -1/2*e111),0
530,2,50,-1*(-1/2*e000 + 1/2*e001 + -1/2*e100 + 1/2*e111),0
531,2,51,-1*(-1/2*e000 + 1/2*e001 + 1/2*e100 + -1/2*e111),0
532,2,52,-1*(-1/2*e000 + 1/2*e001 + 1/2*e100 + 1/2*e111),0
533,2,53,-1*(-1/2*e000 + 1/2*e001 + 1/2*e011 + -1/2*e101),0
534,2,54,-1*(-1/2*e000 + 1/2*e001 + 1/2*e011 + 1/2*e101),0
535,2,55,-1*(-1/2*e000 + 1/2*e001 + 1/2*e010 + -1/2*e110),0
536,2,56,-1*(-1/2*e000 + 1/2*e001 + 1/2*e010 + 1/2*e110),0
537,2,57,-1*(-1*e001),0
538,2,58,-1*(-1/2*e001 + -1/2*e010 + -1/2*e011 + -1/2*e111),0
539,2,59,-1*(-1/2*e001 + -1/2*e010 + -1/2*e011 + 1/2*e111),0
540,2,60,-1*(-1/2*e001 + -1/2*e010 + -1/2*e100 + -1/2*e101),0
541,2,61,-1*(-1/2*e001 + -1/2*e010 + -1/2*e100 + 1/2*e101),0
542,2,62,-1*(-1/2*e001 + -1/2*e010 + 1/2*e100 + -1/2*e101),0
543,2,63,-1*(-1/2*e001 + -1/2*e010 + 1/2*e100 + 1/2*e101),0
544,2,64,-1*(-1/2*e001 + -1/2*e010 + 1/2*e011 + -1/2*e111),0
545,2,65,-1*(-1/2*e001 + -1/2*e010 + 1/2*e011 + 1/2*e111),0
546,2,66,-1*(-1/2*e001 + -1/2*e011 + -1/2*e100 + -1/2*e110),0
547,2,67,-1*(-1/2*e001 + -1/2*e011 + -1/2*e100 + 1/2*e110),0
548,2,68,-1*(-1/2*e001 + -1/2*e011 + 1/2*e100 + -1/2*e110),0
549,2,69,-1*(-1/2*e001 + -1/2*e011 + 1/2*e100 + 1/2*e110),0
550,2,70,-1*(-1/2*e001 + -1/2*e101 + -1/2*e110 + -1/2*e111),0
551,2,71,-1*(-1/2*e001 + 1/2*e101 + -1/2*e110 + -1/2*e111),0
552,2,72,-1*(-1/2*e001 + -1/2*e101 + -1/2*e110 + 1/2*e111),0
553,2,73,-1*(-1/2*e001 + 1/2*e101 + -1/2*e110 + 1/2*e111),0
554,2,74,-1*(-1/2*e001 + -1/2*e101 + 1/2*e110 + -1/2*e111),0
555,2,75,-1*(-1/2*e001 + 1/2*e101 + 1/2*e110 + -1/2*e111),0
556,2,76,-1*(-1/2*e001 + -1/2*e101 + 1/2*e110 + 1/2*e111),0
557,2,77,-1*(-1/2*e001 + 1/2*e101 + 1/2*e110 + 1/2*e111),0
558,2,78,-1*(-1/2*e001 + 1/2*e011 + -1/2*e100 + -1/2*e110),0
559,2,79,-1*(-1/2*e001 + 1/2*e011 + -1/2*e100 + 1/2*e110),0
560,2,80,-1*(-1/2*e001 + 1/2*e011 + 1/2*e100 + -1/2*e110),0
561,2,81,-1*(-1/2*e001 + 1/2*e011 + 1/2*e100 + 1/2*e110),0
562,2,82,-1*(-1/2*e001 + 1/2*e010 + -1/2*e011 + -1/2*e111),0
563,2,83,-1*(-1/2*e001 + 1/2*e010 + -1/2*e011 + 1/2*e111),0
564,2,84,-1*(-1/2*e001 + 1/2*e010 + -1/2*e100 + -1/2*e101),0
565,2,85,-1*(-1/2*e001 + 1/2*e010 + -1/2*e100 + 1/2*e101),0
566,2,86,-1*(-1/2*e001 + 1/2*e010 + 1/2*e100 + -1/2*e101),0
567,2,87,-1*(-1/2*e001 + 1/2*e010 + 1/2*e100 + 1/2*e101),0
568,2,88,-1*(-1/2*e001 + 1/2*e010 + 1/2*e011 + -1/2*e111),0
569,2,89,-1*(-1/2*e001 + 1/2*e010 + 1/2*e011 + 1/2*e111),0
570,2,90,-1*(-1*e010),0
571,2,91,-1*(-1/2*e010 + -1/2*e011 + -1/2*e101 + -1/2*e110),0
572,2,92,-1*(-1/2*e010 + -1/2*e011 + 1/2*e101 + -1/2*e110),0
573,2,93,-1*(-1/2*e010 + -1/2*e011 + -1/2*e101 + 1/2*e110),0
574,2,94,-1*(-1/2*e010 + -1/2*e011 + 1/2*e101 + 1/2*e110),0
575,2,95,-1*(-1/2*e010 + -1/2*e100 + -1/2*e110 + -1/2*e111),0
576,2,96,-1*(-1/2*e010 + -1/2*e100 + -1/2*e110 + 1/2*e111),0
577,2,97,-1*(-1/2*e010 + -1/2*e100 + 1/2*e110 + -1/2*e111),0
578,2,98,-1*(-1/2*e010 + -1/2*e100 + 1/2*e110 + 1/2*e111),0
579,2,99,-1*(-1/2*e010 + 1/2*e100 + -1/2*e110 + -1/2*e111),0
580,2,100,-1*(-1/2*e010 + 1/2*e100 + -1/2*e110 + 1/2*e111),0
581,2,101,-1*(-1/2*e010 + 1/2*e100 + 1/2*e110 + -1/2*e111),0
582,2,102,-1*(-1/2*e010 + 1/2*e100 + 1/2*e110 + 1/2*e111),0
583,2,103,-1*(-1/2*e010 + 1/2*e011 + -1/2*e101 + -1/2*e110),0
584,2,104,-1*(-1/2*e010 + 1/2*e011 + 1/2*e101 + -1/2*e110),0
585,2,105,-1*(-1/2*e010 + 1/2*e011 + -1/2*e101 + 1/2*e110),0
586,2,106,-1*(-1/2*e010 + 1/2*e011 + 1/2*e101 + 1/2*e110),0
587,2,107,-1*(-1*e011),0
588,2,108,-1*(-1/2*e011 + -1/2*e100 + -1/2*e101 + -1/2*e111),0
589,2,109,-1*(-1/2*e011 + -1/2*e100 + 1/2*e101 + -1/2*e111),0
590,2,110,-1*(-1/2*e011 + -1/2*e100 + -1/2*e101 + 1/2*e111),0
591,2,111,-1*(-1/2*e011 + -1/2*e100 + 1/2*e101 + 1/2*e111),0
592,2,112,-1*(-1/2*e011 + 1/2*e100 + -1/2*e101 + -1/2*e111),0
593,2,113,-1*(-1/2*e011 + 1/2*e100 + 1/2*e101 + -1/2*e111),0
594,2,114,-1*(-1/2*e011 + 1/2*e100 + -1/2*e101 + 1/2*e111),0
595,2,115,-1*(-1/2*e011 + 1/2*e100 + 1/2*e101 + 1/2*e111),0
596,2,116,-1*(-1*e100),0
597,2,117,-1*(-1*e110),0
598,2,118,-1*(-1*e111),0
599,2,119,-1*(-1*e101),0
600,2,120,-1*(1*e101),0
601,2,121,-1*(1*e111),0
602,2,122,-1*(1*e110),0
603,2,123,-1*(1*e100),0
604,2,124,-1*(1/2*e011 + -1/2*e100 + -1/2*e101 + -1/2*e111),0
605,2,125,-1*(1/2*e011 + -1/2*e100 + 1/2*e101 + -1/2*e111),0
606,2,126,-1*(1/2*e011 + -1/2*e100 + -1/2*e101 + 1/2*e111),0
607,2,127,-1*(1/2*e011 + -1/2*e100 + 1/2*e101 + 1/2*e111),0
608,2,128,-1*(1/2*e011 + 1/2*e100 + -1/2*e101 + -1/2*e111),0
609,2,129,-1*(1/2*e011 + 1/2*e100 + 1/2*e101 + -1/2*e111),0
610,2,130,-1*(1/2*e011 + 1/2*e100 + -1/2*e101 + 1/2*e111),0
611,2,131,-1*(1/2*e011 + 1/2*e100 + 1/2*e101 + 1/2*e111),0
612,2,132,-1*(1*e011),0
613,2,133,-1*(1/2*e010 + -1/2*e011 + -1/2*e101 + -1/2*e110),0
614,2,134,-1*(1/2*e010 + -1/2*e011 + 1/2*e101 + -1/2*e110),0
615,2,135,-1*(1/2*e010 + -1/2*e011 + -1/2*e101 + 1/2*e110),0
616,2,136,-1*(1/2*e010 + -1/2*e011 + 1/2*e101 + 1/2*e110),0
617,2,137,-1*(1/2*e010 + -1/2*e100 + -1/2*e110 + -1/2*e111),0
618,2,138,-1*(1/2*e010 + -1/2*e100 + -1/2*e110 + 1/2*e111),0
619,2,139,-1*(1/2*e010 + -1/2*e100 + 1/2*e110 + -1/2*e111),0
620,2,140,-1*(1/2*e010 + -1/2*e100 + 1/2*e110 + 1/2*e111),0
621,2,141,-1*(1/2*e010 + 1/2*e100 + -1/2*e110 + -1/2*e111),0
622,2,142,-1*(1/2*e010 + 1/2*e100 + -1/2*e110 + 1/2*e111),0
623,2,143,-1*(1/2*e010 + 1/2*e100 + 1/2*e110 + -1/2*e111),0
624,2,144,-1*(1/2*e010 + 1/2*e100 + 1/2*e110 + 1/2*e111),0
625,2,145,-1*(1/2*e010 + 1/2*e011 + -1/2*e101 + -1/2*e110),0
626,2,146,-1*(1/2*e010 + 1/2*e011 + 1/2*e101 + -1/2*e110),0
627,2,147,-1*(1/2*e010 + 1/2*e011 + -1/2*e101 + 1/2*e110),0
628,2,148,-1*(1/2*e010 + 1/2*e011 + 1/2*e101 + 1/2*e110),0
629,2,149,-1*(1*e010),0
630,2,150,-1*(1/2*e001 + -1/2*e010 + -1/2*e011 + -1/2*e111),0
631,2,151,-1*(1/2*e001 + -1/2*e010 + -1/2*e011 + 1/2*e111),0
632,2,152,-1*(1/2*e001 + -1/2*e010 + -1/2*e100 + -1/2*e101),0
633,2,153,-1*(1/2*e001 + -1/2*e010 + -1/2*e100 + 1/2*e101),0
634,2,154,-1*(1/2*e001 + -1/2*e010 + 1/2*e100 + -1/2*e101),0
635,2,155,-1*(1/2*e001 + -1/2*e010 + 1/2*e100 + 1/2*e101),0
636,2,156,-1*(1/2*e001 + -1/2*e010 + 1/2*e011 + -1/2*e111),0
637,2,157,-1*(1/2*e001 + -1/2*e010 + 1/2*e011 + 1/2*e111),0
638,2,158,-1*(1/2*e001 + -1/2*e011 + -1/2*e100 + -1/2*e110),0
639,2,159,-1*(1/2*e001 + -1/2*e011 + -1/2*e100 + 1/2*e110),0
640,2,160,-1*(1/2*e001 + -1/2*e011 + 1/2*e100 + -1/2*e110),0
641,2,161,-1*(1/2*e001 + -1/2*e011 + 1/2*e100 + 1/2*e110),0
642,2,162,-1*(1/2*e001 + -1/2*e101 + -1/2*e110 + -1/2*e111),0
643,2,163,-1*(1/2*e001 + 1/2*e101 + -1/2*e110 + -1/2*e111),0
644,2,164,-1*(1/2*e001 + -1/2*e101 + -1/2*e110 + 1/2*e111),0
645,2,165,-1*(1/2*e001 + 1/2*e101 + -1/2*e110 + 1/2*e111),0
646,2,166,-1*(1/2*e001 + -1/2*e101 + 1/2*e110 + -1/2*e111),0
647,2,167,-1*(1/2*e001 + 1/2*e101 + 1/2*e110 + -1/2*e111),0
648,2,168,-1*(1/2*e001 + -1/2*e101 + 1/2*e110 + 1/2*e111),0
649,2,169,-1*(1/2*e001 + 1/2*e101 + 1/2*e110 + 1/2*e111),0
650,2,170,-1*(1/2*e001 + 1/2*e011 + -1/2*e100 + -1/2*e110),0
651,2,171,-1*(1/2*e001 + 1/2*e011 + -1/2*e100 + 1/2*e110),0
652,2,172,-1*(1/2*e001 + 1/2*e011 + 1/2*e100 + -1/2*e110),0
653,2,173,-1*(1/2*e001 + 1/2*e011 + 1/2*e100 + 1/2*e110),0
654,2,174,-1*(1/2*e001 + 1/2*e010 + -1/2*e011 + -1/2*e111),0
655,2,175,-1*(1/2*e001 + 1/2*e010 + -1/2*e011 + 1/2*e111),0
656,2,176,-1*(1/2*e001 + 1/2*e010 + -1/2*e100 + -1/2*e101),0
657,2,177,-1*(1/2*e001 + 1/2*e010 + -1/2*e100 + 1/2*e101),0
658,2,178,-1*(1/2*e001 + 1/2*e010 + 1/2*e100 + -1/2*e101),0
659,2,179,-1*(1/2*e001 + 1/2*e010 + 1/2*e100 + 1/2*e101),0
660,2,180,-1*(1/2*e001 + 1/2*e010 + 1/2*e011 + -1/2*e111),0
661,2,181,-1*(1/2*e001 + 1/2*e010 + 1/2*e011 + 1/2*e111),0
662,2,182,-1*(1*e001),0
663,2,183,-1*(1/2*e000 + -1/2*e001 + -1/2*e010 + -1/2*e110),0
664,2,184,-1*(1/2*e000 + -1/2*e001 + -1/2*e010 + 1/2*e110),0
665,2,185,-1*(1/2*e000 + -1/2*e001 + -1/2*e011 + -1/2*e101),0
666,2,186,-1*(1/2*e000 + -1/2*e001 + -1/2*e011 + 1/2*e101),0
667,2,187,-1*(1/2*e000 + -1/2*e001 + -1/2*e100 + -1/2*e111),0
668,2,188,-1*(1/2*e000 + -1/2*e001 + -1/2*e100 + 1/2*e111),0
669,2,189,-1*(1/2*e000 + -1/2*e001 + 1/2*e100 + -1/2*e111),0
670,2,190,-1*(1/2*e000 + -1/2*e001 + 1/2*e100 + 1/2*e111),0
671,2,191,-1*(1/2*e000 + -1/2*e001 + 1/2*e011 + -1/2*e101),0
672,2,192,-1*(1/2*e000 + -1/2*e001 + 1/2*e011 + 1/2*e101),0
673,2,193,-1*(1/2*e000 + -1/2*e001 + 1/2*e010 + -1/2*e110),0
674,2,194,-1*(1/2*e000 + -1/2*e001 + 1/2*e010 + 1/2*e110),0
675,2,195,-1*(1/2*e000 + -1/2*e010 + -1/2*e011 + -1/2*e100),0
676,2,196,-1*(1/2*e000 + -1/2*e010 + -1/2*e011 + 1/2*e100),0
677,2,197,-1*(1/2*e000 + -1/2*e010 + -1/2*e101 + -1/2*e111),0
678,2,198,-1*(1/2*e000 + -1/2*e010 + 1/2*e101 + -1/2*e111),0
679,2,199,-1*(1/2*e000 + -1/2*e010 + -1/2*e101 + 1/2*e111),0
680,2,200,-1*(1/2*e000 + -1/2*e010 + 1/2*e101 + 1/2*e111),0
681,2,201,-1*(1/2*e000 + -1/2*e010 + 1/2*e011 + -1/2*e100),0
682,2,202,-1*(1/2*e000 + -1/2*e010 + 1/2*e011 + 1/2*e100),0
683,2,203,-1*(1/2*e000 + -1/2*e011 + -1/2*e110 + -1/2*e111),0
684,2,204,-1*(1/2*e000 + -1/2*e011 + -1/2*e110 + 1/2*e111),0
685,2,205,-1*(1/2*e000 + -1/2*e011 + 1/2*e110 + -1/2*e111),0
686,2,206,-1*(1/2*e000 + -1/2*e011 + 1/2*e110 + 1/2*e111),0
687,2,207,-1*(1/2*e000 + -1/2*e100 + -1/2*e101 + -1/2*e110),0
688,2,208,-1*(1/2*e000 + -1/2*e100 + 1/2*e101 + -1/2*e110),0
689,2,209,-1*(1/2*e000 + -1/2*e100 + -1/2*e101 + 1/2*e110),0
690,2,210,-1*(1/2*e000 + -1/2*e100 + 1/2*e101 + 1/2*e110),0
691,2,211,-1*(1/2*e000 + 1/2*e100 + -1/2*e101 + -1/2*e110),0
692,2,212,-1*(1/2*e000 + 1/2*e100 + 1/2*e101 + -1/2*e110),0
693,2,213,-1*(1/2*e000 + 1/2*e100 + -1/2*e101 + 1/2*e110),0
694,2,214,-1*(1/2*e000 + 1/2*e100 + 1/2*e101 + 1/2*e110),0
695,2,215,-1*(1/2*e000 + 1/2*e011 + -1/2*e110 + -1/2*e111),0
696,2,216,-1*(1/2*e000 + 1/2*e011 + -1/2*e110 + 1/2*e111),0
697,2,217,-1*(1/2*e000 + 1/2*e011 + 1/2*e110 + -1/2*e111),0
698,2,218,-1*(1/2*e000 + 1/2*e011 + 1/2*e110 + 1/2*e111),0
699,2,219,-1*(1/2*e000 + 1/2*e010 + -1/2*e011 + -1/2*e100),0
700,2,220,-1*(1/2*e000 + 1/2*e010 + -1/2*e011 + 1/2*e100),0
701,2,221,-1*(1/2*e000 + 1/2*e010 + -1/2*e101 + -1/2*e111),0
702,2,222,-1*(1/2*e000 + 1/2*e010 + 1/2*e101 + -1/2*e111),0
703,2,223,-1*(1/2*e000 + 1/2*e010 + -1/2*e101 + 1/2*e111),0
704,2,224,-1*(1/2*e000 + 1/2*e010 + 1/2*e101 + 1/2*e111),0
705,2,225,-1*(1/2*e000 + 1/2*e010 + 1/2*e011 + -1/2*e100),0
706,2,226,-1*(1/2*e000 + 1/2*e010 + 1/2*e011 + 1/2*e100),0
707,2,227,-1*(1/2*e000 + 1/2*e001 + -1/2*e010 + -1/2*e110),0
708,2,228,-1*(1/2*e000 + 1/2*e001 + -1/2*e010 + 1/2*e110),0
709,2,229,-1*(1/2*e000 + 1/2*e001 + -1/2*e011 + -1/2*e101),0
710,2,230,-1*(1/2*e000 + 1/2*e001 + -1/2*e011 + 1/2*e101),0
711,2,231,-1*(1/2*e000 + 1/2*e001 + -1/2*e100 + -1/2*e111),0
712,2,232,-1*(1/2*e000 + 1/2*e001 + -1/2*e100 + 1/2*e111),0
713,2,233,-1*(1/2*e000 + 1/2*e001 + 1/2*e100 + -1/2*e111),0
714,2,234,-1*(1/2*e000 + 1/2*e001 + 1/2*e100 + 1/2*e111),0
715,2,235,-1*(1/2*e000 + 1/2*e001 + 1/2*e011 + -1/2*e101),0
716,2,236,-1*(1/2*e000 + 1/2*e001 + 1/2*e011 + 1/2*e101),0
717,2,237,-1*(1/2*e000 + 1/2*e001 + 1/2*e010 + -1/2*e110),0
718,2,238,-1*(1/2*e000 + 1/2*e001 + 1/2*e010 + 1/2*e110),0
719,2,239,-1*(1*e000),0
720,3,0,-i*(-1*e000),0
721,3,1,-i*(-1/2*e000 + -1/2*e001 + -1/2*e010 + -1/2*e110),0
722,3,2,-i*(-1/2*e000 + -1/2*e001 + -1/2*e010 + 1/2*e110),0
723,3,3,-i*(-1/2*e000 + -1/2*e001 + -1/2*e011 + -1/2*e101),0
724,3,4,-i*(-1/2*e000 + -1/2*e001 + -1/2*e011 + 1/2*e101),0
725,3,5,-i*(-1/2*e000 + -1/2*e001 + -1/2*e100 + -1/2*e111),0
726,3,6,-i*(-1/2*e000 + -1/2*e001 + -1/2*e100 + 1/2*e111),0
727,3,7,-i*(-1/2*e000 + -1/2*e001 + 1/2*e100 + -1/2*e111),0
728,3,8,-i*(-1/2*e000 + -1/2*e001 + 1/2*e100 + 1/2*e111),0
729,3,9,-i*(-1/2*e000 + -1/2*e001 + 1/2*e011 + -1/2*e101),0
730,3,10,-i*(-1/2*e000 + -1/2*e001 + 1/2*e011 + 1/2*e101),0
731,3,11,-i*(-1/2*e000 + -1/2*e001 + 1/2*e010 + -1/2*e110),0
732,3,12,-i*(-1/2*e000 + -1/2*e001 + 1/2*e010 + 1/2*e110),0
733,3,13,-i*(-1/2*e000 + -1/2*e010 + -1/2*e011 + -1/2*e100),0
734,3,14,-i*(-1/2*e000 + -1/2*e010 + -1/2*e011 + 1/2*e100),0
735,3,15,-i*(-1/2*e000 + -1/2*e010 + -1/2*e101 + -1/2*e111),0
736,3,16,-i*(-1/2*e000 + -1/2*e010 + 1/2*e101 + -1/2*e111),0
737,3,17,-i*(-1/2*e000 + -1/2*e010 + -1/2*e101 + 1/2*e111),0
738,3,18,-i*(-1/2*e000 + -1/2*e010 + 1/2*e101 + 1/2*e111),0
739,3,19,-i*(-1/2*e000 + -1/2*e010 + 1/2*e011 + -1/2*e100),0
740,3,20,-i*(-1/2*e000 + -1/2*e010 + 1/2*e011 + 1/2*e100),0
741,3,21,-i*(-1/2*e000 + -1/2*e011 + -1/2*e110 + -1/2*e111),0
742,3,22,-i*(-1/2*e000 + -1/2*e011 + -1/2*e110 + 1/2*e111),0
743,3,23,-i*(-1/2*e000 + -1/2*e011 + 1/2*e110 + -1/2*e111),0
744,3,24,-i*(-1/2*e000 + -1/2*e011 + 1/2*e110 + 1/2*e111),0
745,3,25,-i*(-1/2*e000 + -1/2*e100 + -1/2*e101 + -1/2*e110),0
746,3,26,-i*(-1/2*e000 + -1/2*e100 + 1/2*e101 + -1/2*e110),0
747,3,27,-i*(-1/2*e000 + -1/2*e100 + -1/2*e101 + 1/2*e110),0
748,3,28,-i*(-1/2*e000 + -1/2*e100 + 1/2*e101 + 1/2*e110),0
749,3,29,-i*(-1/2*e000 + 1/2*e100 + -1/2*e101 + -1/2*e110),0
750,3,30,-i*(-1/2*e000 + 1/2*e100 + 1/2*e101 + -1/2*e110),0
751,3,31,-i*(-1/2*e000 + 1/2*e100 + -1/2*e101 + 1/2*e110),0
752,3,32,-i*(-1/2*e000 + 1/2*e100 + 1/2*e101 + 1/2*e110),0
753,3,33,-i*(-1/2*e000 + 1/2*e011 + -1/2*e110 + -1/2*e111),0
754,3,34,-i*(-1/2*e000 + 1/2*e011 + -1/2*e110 + 1/2*e111),0
755,3,35,-i*(-1/2*e000 + 1/2*e011 + 1/2*e110 + -1/2*e111),0
756,3,36,-i*(-1/2*e000 + 1/2*e011 + 1/2*e110 + 1/2*e111),0
757,3,37,-i*(-1/2*e000 + 1/2*e010 + -1/2*e011 + -1/2*e100),0
758,3,38,-i*(-1/2*e000 + 1/2*e010 + -1/2*e011 + 1/2*e100),0
759,3,39,-i*(-1/2*e000 + 1/2*e010 + -1/2*e101 + -1/2*e111),0
760,3,40,-i*(-1/2*e000 + 1/2*e010 + 1/2*e101 + -1/2*e111),0
761,3,41,-i*(-1/2*e000 + 1/2*e010 + -1/2*e101 + 1/2*e111),0
762,3,42,-i*(-1/2*e000 + 1/2*e010 + 1/2*e101 + 1/2*e111),0
763,3,43,-i*(-1/2*e000 + 1/2*e010 + 1/2*e011 + -1/2*e100),0
764,3,44,-i*(-1/2*e000 + 1/2*e010 + 1/2*e011 + 1/2*e100),0
765,3,45,-i*(-1/2*e000 + 1/2*e001 + -1/2*e010 + -1/2*e110),0
766,3,46,-i*(-1/2*e000 + 1/2*e001 + -1/2*e010 + 1/2*e110),0
767,3,47,-i*(-1/2*e000 + 1/2*e001 + -1/2*e011 + -1/2*e101),0
768,3,48,-i*(-1/2*e000 + 1/2*e001 + -1/2*e011 + 1/2*e101),0
769,3,49,-i*(-1/2*e000 + 1/2*e001 + -1/2*e100 + -1/2*e111),0
770,3,50,-i*(-1/2*e000 + 1/2*e001 + -1/2*e100 + 1/2*e111),0
771,3,51,-i*(-1/2*e000 + 1/2*e001 + 1/2*e100 + -1/2*e111),0
772,3,52,-i*(-1/2*e000 + 1/2*e001 + 1/2*e100 + 1/2*e111),0
773,3,53,-i*(-1/2*e000 + 1/2*e001 + 1/2*e011 + -1/2*e101),0
774,3,54,-i*(-1/2*e000 + 1/2*e001 + 1/2*e011 + 1/2*e101),0
775,3,55,-i*(-1/2*e000 + 1/2*e001 + 1/2*e010 + -1/2*e110),0
776,3,56,-i*(-1/2*e000 + 1/2*e001 + 1/2*e010 + 1/2*e110),0
777,3,57,-i*(-1*e001),0
778,3,58,-i*(-1/2*e001 + -1/2*e010 + -1/2*e011 + -1/2*e111),0
779,3,59,-i*(-1/2*e001 + -1/2*e010 + -1/2*e011 + 1/2*e111),0
780,3,60,-i*(-1/2*e001 + -1/2*e010 + -1/2*e100 + -1/2*e101),0
781,3,61,-i*(-1/2*e001 + -1/2*e010 + -1/2*e100 + 1/2*e101),0
782,3,62,-i*(-1/2*e001 + -1/2*e010 + 1/2*e100 + -1/2*e101),0
783,3,63,-i*(-1/2*e001 + -1/2*e010 + 1/2*e100 + 1/2*e101),0
784,3,64,-i*(-1/2*e001 + -1/2*e010 + 1/2*e011 + -1/2*e111),0
785,3,65,-i*(-1/2*e001 + -1/2*e010 + 1/2*e011 + 1/2*e111),0
786,3,66,-i*(-1/2*e001 + -1/2*e011 + -1/2*e100 + -1/2*e110),0
787,3,67,-i*(-1/2*e001 + -1/2*e011 + -1/2*e100 + 1/2*e110),0
788,3,68,-i*(-1/2*e001 + -1/2*e011 + 1/2*e100 + -1/2*e110),0
789,3,69,-i*(-1/2*e001 + -1/2*e011 + 1/2*e100 + 1/2*e110),0
790,3,70,-i*(-1/2*e001 + -1/2*e101 + -1/2*e110 + -1/2*e111),0
791,3,71,-i*(-1/2*e001 + 1/2*e101 + -1/2*e110 + -1/2*e111),0
792,3,72,-i*(-1/2*e001 + -1/2*e101 + -1/2*e110 + 1/2*e111),0
793,3,73,-i*(-1/2*e001 + 1/2*e101 + -1/2*e110 + 1/2*e111),0
794,3,74,-i*(-1/2*e001 + -1/2*e101 + 1/2*e110 + -1/2*e111),0
795,3,75,-i*(-1/2*e001 + 1/2*e101 + 1/2*e110 + -1/2*e111),0
796,3,76,-i*(-1/2*e001 + -1/2*e101 + 1/2*e110 + 1/2*e111),0
797,3,77,-i*(-1/2*e001 + 1/2*e101 + 1/2*e110 + 1/2*e111),0
798,3,78,-i*(-1/2*e001 + 1/2*e011 + -1/2*e100 + -1/2*e110),0
799,3,79,-i*(-1/2*e001 + 1/2*e011 + -1/2*e100 + 1/2*e110),0
800,3,80,-i*(-1/2*e001 + 1/2*e011 + 1/2*e100 + -1/2*e110),0
801,3,81,-i*(-1/2*e001 + 1/2*e011 + 1/2*e100 + 1/2*e110),0
802,3,82,-i*(-1/2*e001 + 1/2*e010 + -1/2*e011 + -1/2*e111),0
803,3,83,-i*(-1/2*e001 + 1/2*e010 + -1/2*e011 + 1/2*e111),0
804,3,84,-i*(-1/2*e001 + 1/2*e010 + -1/2*e100 + -1/2*e101),0
805,3,85,-i*(-1/2*e001 + 1/2*e010 + -1/2*e100 + 1/2*e101),0
806,3,86,-i*(-1/2*e001 + 1/2*e010 + 1/2*e100 + -1/2*e101),0
807,3,87,-i*(-1/2*e001 + 1/2*e010 + 1/2*e100 + 1/2*e101),0
808,3,88,-i*(-1/2*e001 + 1/2*e010 + 1/2*e011 + -1/2*e111),0
809,3,89,-i*(-1/2*e001 + 1/2*e010 + 1/2*e011 + 1/2*e111),0
810,3,90,-i*(-1*e010),0
811,3,91,-i*(-1/2*e010 + -1/2*e011 + -1/2*e101 + -1/2*e110),0
812,3,92,-i*(-1/2*e010 + -1/2*e011 + 1/2*e101 + -1/2*e110),0
813,3,93,-i*(-1/2*e010 + -1/2*e011 + -1/2*e101 + 1/2*e110),0
814,3,94,-i*(-1/2*e010 + -1/2*e011 + 1/2*e101 + 1/2*e110),0
815,3,95,-i*(-1/2*e010 + -1/2*e100 + -1/2*e110 + -1/2*e111),0
816,3,96,-i*(-1/2*e010 + -1/2*e100 + -1/2*e110 + 1/2*e111),0
817,3,97,-i*(-1/2*e010 + -1/2*e100 + 1/2*e110 + -1/2*e111),0
818,3,98,-i*(-1/2*e010 + -1/2*e100 + 1/2*e110 + 1/2*e111),0
819,3,99,-i*(-1/2*e010 + 1/2*e100 + -1/2*e110 + -1/2*e111),0
820,3,100,-i*(-1/2*e010 + 1/2*e100 + -1/2*e110 + 1/2*e111),0
821,3,101,-i*(-1/2*e010 + 1/2*e100 + 1/2*e110 + -1/2*e111),0
822,3,102,-i*(-1/2*e010 + 1/2*e100 + 1/2*e110 + 1/2*e111),0
823,3,103,-i*(-1/2*e010 + 1/2*e011 + -1/2*e101 + -1/2*e110),0
824,3,104,-i*(-1/2*e010 + 1/2*e011 + 1/2*e101 + -1/2*e110),0
825,3,105,-i*(-1/2*e010 + 1/2*e011 + -1/2*e101 + 1/2*e110),0
826,3,106,-i*(-1/2*e010 + 1/2*e011 + 1/2*e101 + 1/2*e110),0
827,3,107,-i*(-1*e011),0
828,3,108,-i*(-1/2*e011 + -1/2*e100 + -1/2*e101 + -1/2*e111),0
829,3,109,-i*(-1/2*e011 + -1/2*e100 + 1/2*e101 + -1/2*e111),0
830,3,110,-i*(-1/2*e011 + -1/2*e100 + -1/2*e101 + 1/2*e111),0
831,3,111,-i*(-1/2*e011 + -1/2*e100 + 1/2*e101 + 1/2*e111),0
832,3,112,-i*(-1/2*e011 + 1/2*e100 + -1/2*e101 + -1/2*e111),0
833,3,113,-i*(-1/2*e011 + 1/2*e100 + 1/2*e101 + -1/2*e111),0
834,3,114,-i*(-1/2*e011 + 1/2*e100 + -1/2*e101 + 1/2*e111),0
835,3,115,-i*(-1/2*e011 + 1/2*e100 + 1/2*e101 + 1/2*e111),0
836,3,116,-i*(-1*e100),0
837,3,117,-i*(-1*e110),0
838,3,118,-i*(-1*e111),0
839,3,119,-i*(-1*e101),0
840,3,120,-i*(1*e101),0
841,3,121,-i*(1*e111),0
842,3,122,-i*(1*e110),0
843,3,123,-i*(1*e100),0
844,3,124,-i*(1/2*e011 + -1/2*e100 + -1/2*e101 + -1/2*e111),0
845,3,125,-i*(1/2*e011 + -1/2*e100 + 1/2*e101 + -1/2*e111),0
846,3,126,-i*(1/2*e011 + -1/2*e100 + -1/2*e101 + 1/2*e111),0
847,3,127,-i*(1/2*e011 + -1/2*e100 + 1/2*e101 + 1/2*e111),0
848,3,128,-i*(1/2*e011 + 1/2*e100 + -1/2*e101 + -1/2*e111),0
849,3,129,-i*(1/2*e011 + 1/2*e100 + 1/2*e101 + -1/2*e111),0
850,3,130,-i*(1/2*e011 + 1/2*e100 + -1/2*e101 + 1/2*e111),0
851,3,131,-i*(1/2*e011 + 1/2*e100 + 1/2*e101 + 1/2*e111),0
852,3,132,-i*(1*e011),0
853,3,133,-i*(1/2*e010 + -1/2*e011 + -1/2*e101 + -1/2*e110),0
854,3,134,-i*(1/2*e010 + -1/2*e011 + 1/2*e101 + -1/2*e110),0
855,3,135,-i*(1/2*e010 + -1/2*e011 + -1/2*e101 + 1/2*e110),0
856,3,136,-i*(1/2*e010 + -1/2*e011 + 1/2*e101 + 1/2*e110),0
857,3,137,-i*(1/2*e010 + -1/2*e100 + -1/2*e110 + -1/2*e111),0
858,3,138,-i*(1/2*e010 + -1/2*e100 + -1/2*e110 + 1/2*e111),0
859,3,139,-i*(1/2*e010 + -1/2*e100 + 1/2*e110 + -1/2*e111),0
860,3,140,-i*(1/2*e010 + -1/2*e100 + 1/2*e110 + 1/2*e111),0
861,3,141,-i*(1/2*e010 + 1/2*e100 + -1/2*e110 + -1/2*e111),0
862,3,142,-i*(1/2*e010 + 1/2*e100 + -1/2*e110 + 1/2*e111),0
863,3,143,-i*(1/2*e010 + 1/2*e100 + 1/2*e110 + -1/2*e111),0
864,3,144,-i*(1/2*e010 + 1/2*e100 + 1/2*e110 + 1/2*e111),0
865,3,145,-i*(1/2*e010 + 1/2*e011 + -1/2*e101 + -1/2*e110),0
866,3,146,-i*(1/2*e010 + 1/2*e011 + 1/2*e101 + -1/2*e110),0
867,3,147,-i*(1/2*e010 + 1/2*e011 + -1/2*e101 + 1/2*e110),0
868,3,148,-i*(1/2*e010 + 1/2*e011 + 1/2*e101 + 1/2*e110),0
869,3,149,-i*(1*e010),0
870,3,150,-i*(1/2*e001 + -1/2*e010 + -1/2*e011 + -1/2*e111),0
871,3,151,-i*(1/2*e001 + -1/2*e010 + -1/2*e011 + 1/2*e111),0
872,3,152,-i*(1/2*e001 + -1/2*e010 + -1/2*e100 + -1/2*e101),0
873,3,153,-i*(1/2*e001 + -1/2*e010 + -1/2*e100 + 1/2*e101),0
874,3,154,-i*(1/2*e001 + -1/2*e010 + 1/2*e100 + -1/2*e101),0
875,3,155,-i*(1/2*e001 + -1/2*e010 + 1/2*e100 + 1/2*e101),0
876,3,156,-i*(1/2*e001 + -1/2*e010 + 1/2*e011 + -1/2*e111),0
877,3,157,-i*(1/2*e001 + -1/2*e010 + 1/2*e011 + 1/2*e111),0
878,3,158,-i*(1/2*e001 + -1/2*e011 + -1/2*e100 + -1/2*e110),0
879,3,159,-i*(1/2*e001 + -1/2*e011 + -1/2*e100 + 1/2*e110),0
880,3,160,-i*(1/2*e001 + -1/2*e011 + 1/2*e100 + -1/2*e110),0
881,3,161,-i*(1/2*e001 + -1/2*e011 + 1/2*e100 + 1/2*e110),0
882,3,162,-i*(1/2*e001 + -1/2*e101 + -1/2*e110 + -1/2*e111),0
883,3,163,-i*(1/2*e001 + 1/2*e101 + -1/2*e110 + -1/2*e111),0
884,3,164,-i*(1/2*e001 + -1/2*e101 + -1/2*e110 + 1/2*e111),0
885,3,165,-i*(1/2*e001 + 1/2*e101 + -1/2*e110 + 1/2*e111),0
886,3,166,-i*(1/2*e001 + -1/2*e101 + 1/2*e110 + -1/2*e111),0
887,3,167,-i*(1/2*e001 + 1/2*e101 + 1/2*e110 + -1/2*e111),0
888,3,168,-i*(1/2*e001 + -1/2*e101 + 1/2*e110 + 1/2*e111),0
889,3,169,-i*(1/2*e001 + 1/2*e101 + 1/2*e110 + 1/2*e111),0
890,3,170,-i*(1/2*e001 + 1/2*e011 + -1/2*e100 + -1/2*e110),0
891,3,171,-i*(1/2*e001 + 1/2*e011 + -1/2*e100 + 1/2*e110),0
892,3,172,-i*(1/2*e001 + 1/2*e011 + 1/2*e100 + -1/2*e110),0
893,3,173,-i*(1/2*e001 + 1/2*e011 + 1/2*e100 + 1/2*e110),0
894,3,174,-i*(1/2*e001 + 1/2*e010 + -1/2*e011 + -1/2*e111),0
895,3,175,-i*(1/2*e001 + 1/2*e010 + -1/2*e011 + 1/2*e111),0
896,3,176,-i*(1/2*e001 + 1/2*e010 + -1/2*e100 + -1/2*e101),0
897,3,177,-i*(1/2*e001 + 1/2*e010 + -1/2*e100 + 1/2*e101),0
898,3,178,-i*(1/2*e001 + 1/2*e010 + 1/2*e100 + -1/2*e101),0
899,3,179,-i*(1/2*e001 + 1/2*e010 + 1/2*e100 + 1/2*e101),0
900,3,180,-i*(1/2*e001 + 1/2*e010 + 1/2*e011 + -1/2*e111),0
901,3,181,-i*(1/2*e001 + 1/2*e010 + 1/2*e011 + 1/2*e111),0
902,3,182,-i*(1*e001),0
903,3,183,-i*(1/2*e000 + -1/2*e001 + -1/2*e010 + -1/2*e110),0
904,3,184,-i*(1/2*e000 + -1/2*e001 + -1/2*e010 + 1/2*e110),0
905,3,185,-i*(1/2*e000 + -1/2*e001 + -1/2*e011 + -1/2*e101),0
906,3,186,-i*(1/2*e000 + -1/2*e001 + -1/2*e011 + 1/2*e101),0
907,3,187,-i*(1/2*e000 + -1/2*e001 + -1/2*e100 + -1/2*e111),0
908,3,188,-i*(1/2*e000 + -1/2*e001 + -1/2*e100 + 1/2*e111),0
909,3,189,-i*(1/2*e000 + -1/2*e001 + 1/2*e100 + -1/2*e111),0
910,3,190,-i*(1/2*e000 + -1/2*e001 + 1/2*e100 + 1/2*e111),0
911,3,191,-i*(1/2*e000 + -1/2*e001 + 1/2*e011 + -1/2*e101),0
912,3,192,-i*(1/2*e000 + -1/2*e001 + 1/2*e011 + 1/2*e101),0
913,3,193,-i*(1/2*e000 + -1/2*e001 + 1/2*e010 + -1/2*e110),0
914,3,194,-i*(1/2*e000 + -1/2*e001 + 1/2*e010 + 1/2*e110),0
915,3,195,-i*(1/2*e000 + -1/2*e010 + -1/2*e011 + -1/2*e100),0
916,3,196,-i*(1/2*e000 + -1/2*e010 + -1/2*e011 + 1/2*e100),0
917,3,197,-i*(1/2*e000 + -1/2*e010 + -1/2*e101 + -1/2*e111),0
918,3,198,-i*(1/2*e000 + -1/2*e010 + 1/2*e101 + -1/2*e111),0
919,3,199,-i*(1/2*e000 + -1/2*e010 + -1/2*e101 + 1/2*e111),0
920,3,200,-i*(1/2*e000 + -1/2*e010 + 1/2*e101 + 1/2*e111),0
921,3,201,-i*(1/2*e000 + -1/2*e010 + 1/2*e011 + -1/2*e100),0
922,3,202,-i*(1/2*e000 + -1/2*e010 + 1/2*e011 + 1/2*e100),0
923,3,203,-i*(1/2*e000 + -1/2*e011 + -1/2*e110 + -1/2*e111),0
924,3,204,-i*(1/2*e000 + -1/2*e011 + -1/2*e110 + 1/2*e111),0
925,3,205,-i*(1/2*e000 + -1/2*e011 + 1/2*e110 + -1/2*e111),0
926,3,206,-i*(1/2*e000 + -1/2*e011 + 1/2*e110 + 1/2*e111),0
927,3,207,-i*(1/2*e000 + -1/2*e100 + -1/2*e101 + -1/2*e110),0
928,3,208,-i*(1/2*e000 + -1/2*e100 + 1/2*e101 + -1/2*e110),0
929,3,209,-i*(1/2*e000 + -1/2*e100 + -1/2*e101 + 1/2*e110),0
930,3,210,-i*(1/2*e000 + -1/2*e100 + 1/2*e101 + 1/2*e110),0
931,3,211,-i*(1/2*e000 + 1/2*e100 + -1/2*e101 + -1/2*e110),0
932,3,212,-i*(1/2*e000 + 1/2*e100 + 1/2*e101 + -1/2*e110),0
933,3,213,-i*(1/2*e000 + 1/2*e100 + -1/2*e101 + 1/2*e110),0
934,3,214,-i*(1/2*e000 + 1/2*e100 + 1/2*e101 + 1/2*e110),0
935,3,215,-i*(1/2*e000 + 1/2*e011 + -1/2*e110 + -1/2*e111),0
936,3,216,-i*(1/2*e000 + 1/2*e011 + -1/2*e110 + 1/2*e111),0
937,3,217,-i*(1/2*e000 + 1/2*e011 + 1/2*e110 + -1/2*e111),0
938,3,218,-i*(1/2*e000 + 1/2*e011 + 1/2*e110 + 1/2*e111),0
939,3,219,-i*(1/2*e000 + 1/2*e010 + -1/2*e011 + -1/2*e100),0
940,3,220,-i*(1/2*e000 + 1/2*e010 + -1/2*e011 + 1/2*e100),0
941,3,221,-i*(1/2*e000 + 1/2*e010 + -1/2*e101 + -1/2*e111),0
942,3,222,-i*(1/2*e000 + 1/2*e010 + 1/2*e101 + -1/2*e111),0
943,3,223,-i*(1/2*e000 + 1/2*e010 + -1/2*e101 + 1/2*e111),0
944,3,224,-i*(1/2*e000 + 1/2*e010 + 1/2*e101 + 1/2*e111),0
945,3,225,-i*(1/2*e000 + 1/2*e010 + 1/2*e011 + -1/2*e100),0
946,3,226,-i*(1/2*e000 + 1/2*e010 + 1/2*e011 + 1/2*e100),0
947,3,227,-i*(1/2*e000 + 1/2*e001 + -1/2*e010 + -1/2*e110),0
948,3,228,-i*(1/2*e000 + 1/2*e001 + -1/2*e010 + 1/2*e110),0
949,3,229,-i*(1/2*e000 + 1/2*e001 + -1/2*e011 + -1/2*e101),0
950,3,230,-i*(1/2*e000 + 1/2*e001 + -1/2*e011 + 1/2*e101),0
951,3,231,-i*(1/2*e000 + 1/2*e001 + -1/2*e100 + -1/2*e111),0
952,3,232,-i*(1/2*e000 + 1/2*e001 + -1/2*e100 + 1/2*e111),0
953,3,233,-i*(1/2*e000 + 1/2*e001 + 1/2*e100 + -1/2*e111),0
954,3,234,-i*(1/2*e000 + 1/2*e001 + 1/2*e100 + 1/2*e111),0
955,3,235,-i*(1/2*e000 + 1/2*e001 + 1/2*e011 + -1/2*e101),0
956,3,236,-i*(1/2*e000 + 1/2*e001 + 1/2*e011 + 1/2*e101),0
957,3,237,-i*(1/2*e000 + 1/2*e001 + 1/2*e010 + -1/2*e110),0
958,3,238,-i*(1/2*e000 + 1/2*e001 + 1/2*e010 + 1/2*e110),0
959,3,239,-i*(1*e000),0
